,cluster_coefficient,graph_center,radius,average_distance,transitivity,omega_coefficients,sigma_coefficients
author_graphp,0.16788801854998694,Damiano Spina,2,2.6470175438596493,0.15254237288135594,-0.012632555673382728,0.9274216264581125
extended_coauthorship_graph,0.22427791885096945,Damiano Spina,2,2.3901754385964913,0.29229607250755285,0.0026906325428923683,0.998899001761597
