,cluster_coefficient,graph_center,radius,average_distance,transitivity,omega_coefficients,sigma_coefficients
author_graph,0.16788801854998694,Damiano Spina,2,2.6470175438596493,0.15254237288135594,-0.013984623541887675,0.9041995715123429
extended_coauthorship_graph,0.21520453931878836,Damiano Spina,2,2.3596491228070176,0.5263439422305429,0.002758867705173529,0.9992221896096272
